{
  "Working Directory" : "\/Users\/zachblankenship",
  "Prompt Before Closing 2" : 0,
  "Selected Text Color" : {
    "Green Component" : 0.092142701148986816,
    "Red Component" : 0.086937598884105682,
    "Blue Component" : 0.097707755863666534
  },
  "Rows" : 60,
  "Ansi 11 Color" : {
    "Green Component" : 0.73312276601791382,
    "Red Component" : 0.92229294776916504,
    "Blue Component" : 0.38143736124038696
  },
  "Use Italic Font" : false,
  "Foreground Color" : {
    "Green Component" : 0.73725490196078436,
    "Red Component" : 0.72156862745098038,
    "Blue Component" : 0.72941176470588232
  },
  "Right Option Key Sends" : 2,
  "Character Encoding" : 4,
  "Selection Color" : {
    "Green Component" : 0.73725490196078436,
    "Red Component" : 0.72156862745098038,
    "Blue Component" : 0.72941176470588232
  },
  "Triggers" : [

  ],
  "Blend" : 0.30000001192092896,
  "Mouse Reporting" : true,
  "Ansi 4 Color" : {
    "Green Component" : 0.42857363820075989,
    "Red Component" : 0.3033672571182251,
    "Blue Component" : 0.54611688852310181
  },
  "Non-ASCII Anti Aliased" : true,
  "Sync Title" : false,
  "Disable Window Resizing" : true,
  "Close Sessions On End" : true,
  "Jobs to Ignore" : [
    "rlogin",
    "ssh",
    "slogin",
    "telnet"
  ],
  "Scrollback With Status Bar" : false,
  "Scrollback Lines" : 0,
  "Scrollback in Alternate Screen" : true,
  "Hide After Opening" : false,
  "Flashing Bell" : true,
  "Cursor Guide Color" : {
    "Red Component" : 0.70213186740875244,
    "Color Space" : "sRGB",
    "Blue Component" : 1,
    "Alpha Component" : 0.25,
    "Green Component" : 0.9268307089805603
  },
  "BM Growl" : true,
  "Ansi 3 Color" : {
    "Green Component" : 0.50180763006210327,
    "Red Component" : 0.83306139707565308,
    "Blue Component" : 0.30180639028549194
  },
  "Link Color" : {
    "Red Component" : 0,
    "Color Space" : "sRGB",
    "Blue Component" : 0.73423302173614502,
    "Alpha Component" : 1,
    "Green Component" : 0.35916060209274292
  },
  "Shortcut" : "",
  "Background Image Location" : "",
  "Bold Color" : {
    "Green Component" : 0.73725490196078436,
    "Red Component" : 0.72156862745098038,
    "Blue Component" : 0.72941176470588232
  },
  "Unlimited Scrollback" : true,
  "Custom Command" : "No",
  "Smart Selection Rules" : [
    {
      "notes" : "Word bounded by whitespace",
      "regex" : "\\S+",
      "precision" : "low"
    },
    {
      "notes" : "C++ namespace::identifier",
      "regex" : "([a-zA-Z0-9_]+::)+[a-zA-Z0-9_]+",
      "precision" : "normal"
    },
    {
      "notes" : "Paths",
      "regex" : "\\~?\/?([[:letter:][:number:]._-]+\/+)+[[:letter:][:number:]._-]+\/?",
      "precision" : "normal"
    },
    {
      "notes" : "Quoted string",
      "regex" : "@?\"(?:[^\"\\\\]|\\\\.)*\"",
      "precision" : "normal"
    },
    {
      "notes" : "Java\/Python include paths",
      "regex" : "([[:letter:][:number:]._]+\\.)+[[:letter:][:number:]._]+",
      "precision" : "normal"
    },
    {
      "notes" : "mailto URL",
      "regex" : "\\bmailto:([a-z0-9A-Z_]+@)?([a-zA-Z0-9\\-]+\\.)*[a-zA-Z0-9\\-]+\\b",
      "precision" : "normal"
    },
    {
      "notes" : "Obj-C selector",
      "regex" : "@selector\\([^)]+\\)",
      "precision" : "high"
    },
    {
      "notes" : "email address",
      "regex" : "\\b[A-Za-z0-9._%+-]+@[A-Za-z0-9.-]+\\.[A-Za-z]{2,4}\\b",
      "precision" : "high"
    },
    {
      "notes" : "HTTP URL",
      "regex" : "https?:\/\/([a-z0-9A-Z]+(:[a-zA-Z0-9]+)?@)?[a-z0-9A-Z]+(\\.[a-z0-9A-Z]+)*((:[0-9]+)?)(\/[a-zA-Z0-9;\/\\.\\-_+%~?&@=#\\(\\)]*)?",
      "precision" : "very_high"
    },
    {
      "notes" : "SSH URL",
      "regex" : "\\bssh:([a-z0-9A-Z_]+@)?([a-zA-Z0-9\\-]+\\.)*[a-zA-Z0-9\\-]+\\b",
      "precision" : "very_high"
    },
    {
      "notes" : "Telnet URL",
      "regex" : "\\btelnet:([a-z0-9A-Z_]+@)?([a-zA-Z0-9\\-]+\\.)*[a-zA-Z0-9\\-]+\\b",
      "precision" : "very_high"
    }
  ],
  "Keyboard Map" : {
    "0x5e-0x60000" : {
      "Text" : "0x1e",
      "Action" : 11
    },
    "0xf702-0x280000" : {
      "Text" : "0x1b 0x1b 0x5b 0x44",
      "Action" : 11
    },
    "0xf702-0x260000" : {
      "Text" : "0x1b 0x1b 0x5b 0x44",
      "Action" : 11
    },
    "0xf703-0x280000" : {
      "Text" : "0x1b 0x1b 0x5b 0x43",
      "Action" : 11
    },
    "0xf70a-0x20000" : {
      "Text" : "[28~",
      "Action" : 10
    },
    "0xf703-0x260000" : {
      "Text" : "[C",
      "Action" : 10
    },
    "0x2d-0x40000" : {
      "Text" : "0x1f",
      "Action" : 11
    },
    "0xf702-0x220000" : {
      "Text" : "[D",
      "Action" : 10
    },
    "0xf703-0x240000" : {
      "Text" : "[5C",
      "Action" : 10
    },
    "0xf703-0x220000" : {
      "Text" : "[C",
      "Action" : 10
    },
    "0xf700-0x280000" : {
      "Text" : "[A",
      "Action" : 10
    },
    "0xf72b-0x20000" : {
      "Text" : "[F",
      "Action" : 10
    },
    "0xf700-0x260000" : {
      "Text" : "[A",
      "Action" : 10
    },
    "0xf701-0x280000" : {
      "Text" : "[B",
      "Action" : 10
    },
    "0xf700-0x240000" : {
      "Text" : "[A",
      "Action" : 10
    },
    "0xf701-0x260000" : {
      "Text" : "[B",
      "Action" : 10
    },
    "0xf700-0x220000" : {
      "Text" : "[A",
      "Action" : 10
    },
    "0xf701-0x240000" : {
      "Text" : "[B",
      "Action" : 10
    },
    "0xf72b-0x40000" : {
      "Text" : "",
      "Action" : 4
    },
    "0xf708-0x20000" : {
      "Text" : "[25~",
      "Action" : 10
    },
    "0xf701-0x220000" : {
      "Text" : "[B",
      "Action" : 10
    },
    "0xf709-0x20000" : {
      "Text" : "[26~",
      "Action" : 10
    },
    "0xf70b-0x20000" : {
      "Text" : "[29~",
      "Action" : 10
    },
    "0xf702-0x240000" : {
      "Text" : "[5D",
      "Action" : 10
    },
    "0xf729-0x20000" : {
      "Text" : "[H",
      "Action" : 10
    },
    "0xf729-0x40000" : {
      "Text" : "",
      "Action" : 5
    }
  },
  "Log Directory" : "",
  "Use Canonical Parser" : false,
  "Ansi 14 Color" : {
    "Green Component" : 0.69651854038238525,
    "Red Component" : 0.47394692897796631,
    "Blue Component" : 0.65990132093429565
  },
  "Ansi 2 Color" : {
    "Green Component" : 0.51718360185623169,
    "Red Component" : 0.47679561376571655,
    "Blue Component" : 0.19350560009479523
  },
  "Background Image Is Tiled" : false,
  "Send Code When Idle" : false,
  "ASCII Anti Aliased" : true,
  "Tags" : [

  ],
  "Ansi 9 Color" : {
    "Green Component" : 0.31278485059738159,
    "Red Component" : 0.74731773138046265,
    "Blue Component" : 0.32692217826843262
  },
  "Use Bold Font" : true,
  "Silence Bell" : true,
  "Ansi 12 Color" : {
    "Green Component" : 0.56590473651885986,
    "Red Component" : 0.43420237302780151,
    "Blue Component" : 0.69104295969009399
  },
  "Window Type" : 0,
  "Allow Title Reporting" : false,
  "Use Bright Bold" : true,
  "Cursor Text Color" : {
    "Green Component" : 0.12312769144773483,
    "Red Component" : 0.11772145330905914,
    "Blue Component" : 0.13528014719486237
  },
  "Default Bookmark" : "No",
  "Cursor Color" : {
    "Green Component" : 0.73725490196078436,
    "Red Component" : 0.72156862745098038,
    "Blue Component" : 0.72941176470588232
  },
  "Disable Smcup Rmcup" : false,
  "Name" : "Default",
  "Blinking Cursor" : false,
  "Guid" : "16F5C340-14E1-4A23-BA0C-0D884864E0F8",
  "Ansi 1 Color" : {
    "Green Component" : 0.18515877425670624,
    "Red Component" : 0.5740046501159668,
    "Blue Component" : 0.19966201484203339
  },
  "Idle Code" : 0,
  "Ansi 10 Color" : {
    "Green Component" : 0.69721812009811401,
    "Red Component" : 0.65277093648910522,
    "Blue Component" : 0.33485174179077148
  },
  "Ansi 8 Color" : {
    "Green Component" : 0.17529888451099396,
    "Red Component" : 0.16332042217254639,
    "Blue Component" : 0.19518557190895081
  },
  "Badge Color" : {
    "Red Component" : 1,
    "Color Space" : "sRGB",
    "Blue Component" : 0,